{
  "DocumentMetadata": {
    "Pages": 1
  },
  "JobStatus": "SUCCEEDED",
  "Blocks": [
    {
      "BlockType": "PAGE",
      "Geometry": {
        "BoundingBox": {
          "Width": 1,
          "Height": 1,
          "Left": 0,
          "Top": 0
        },
        "Polygon": [
          {
            "X": 0,
            "Y": 0
          },
          {
            "X": 1,
            "Y": 0.0000025569861463736743
          },
          {
            "X": 1,
            "Y": 1
          },
          {
            "X": 5.663891329277249e-7,
            "Y": 1
          }
        ]
      },
      "Id": "52b63368-3911-452d-8842-c1caa03e6ece",
      "Relationships": [
        {
          "Type": "CHILD",
          "Ids": [
            "e80d15ec-741e-4dff-a224-013434ae49e4",
            "a53867da-5778-4a02-9fe7-399400c8ff23",
            "0726f0d1-2602-4ef0-8eea-eda1aebeaf87",
            "c16624d1-96ed-4f11-8f2c-a37d631211fd",
            "4c545de2-a1f1-4fbd-9411-dd04c86060ef",
            "223d33c8-0044-4362-a2fd-5b79af593fbc",
            "0a21f639-4e29-446a-853a-0947996db996",
            "ed4fbdea-3b9c-448c-9fb3-392159fdd44e",
            "dd838199-3992-4d6e-8e3a-cfe244b883e0"
          ]
        }
      ],
      "Page": 1
    },
    {
      "BlockType": "LINE",
      "Confidence": 99.58963775634766,
      "Text": "VALOR DESCHUPONAS Y RESIEMBRAS 2024",
      "Geometry": {
        "BoundingBox": {
          "Width": 0.591454029083252,
          "Height": 0.09190074354410172,
          "Left": 0.24829061329364777,
          "Top": 0.019365010783076286
        },
        "Polygon": [
          {
            "X": 0.24829061329364777,
            "Y": 0.019365010783076286
          },
          {
            "X": 0.8396216630935669,
            "Y": 0.02390749379992485
          },
          {
            "X": 0.8397446274757385,
            "Y": 0.11126574873924255
          },
          {
            "X": 0.24835596978664398,
            "Y": 0.10670517385005951
          }
        ]
      },
      "Id": "e80d15ec-741e-4dff-a224-013434ae49e4",
      "Relationships": [
        {
          "Type": "CHILD",
          "Ids": [
            "020c0376-fa49-4f77-836c-df9755f1d629",
            "afe08dfd-d446-4819-944f-a73c2a5dca76",
            "938b2320-a77b-4da9-9579-8935c1b1f70c",
            "2ac88e31-9526-4cd2-b7f9-93d31d33b6cc",
            "5ecb1c37-e586-488d-85e7-19372850c623"
          ]
        }
      ],
      "Page": 1
    },
    {
      "BlockType": "LINE",
      "Confidence": 99.9013671875,
      "Text": "LOTES",
      "Geometry": {
        "BoundingBox": {
          "Width": 0.052740368992090225,
          "Height": 0.0527096651494503,
          "Left": 0.09699223190546036,
          "Top": 0.2663278877735138
        },
        "Polygon": [
          {
            "X": 0.09699223190546036,
            "Y": 0.2663278877735138
          },
          {
            "X": 0.14969922602176666,
            "Y": 0.2667372524738312
          },
          {
            "X": 0.14973260462284088,
            "Y": 0.3190375566482544
          },
          {
            "X": 0.09702254086732864,
            "Y": 0.3186272382736206
          }
        ]
      },
      "Id": "a53867da-5778-4a02-9fe7-399400c8ff23",
      "Relationships": [
        {
          "Type": "CHILD",
          "Ids": [
            "e6f198f3-6c13-4602-baec-6ecf690d74e6"
          ]
        }
      ],
      "Page": 1
    },
    {
      "BlockType": "LINE",
      "Confidence": 99.69754028320312,
      "Text": "FECHA",
      "Geometry": {
        "BoundingBox": {
          "Width": 0.05610215291380882,
          "Height": 0.06143849343061447,
          "Left": 0.3272898495197296,
          "Top": 0.26140642166137695
        },
        "Polygon": [
          {
            "X": 0.3272898495197296,
            "Y": 0.26140642166137695
          },
          {
            "X": 0.38333719968795776,
            "Y": 0.2618415951728821
          },
          {
            "X": 0.38339200615882874,
            "Y": 0.322844922542572
          },
          {
            "X": 0.32734087109565735,
            "Y": 0.3224085569381714
          }
        ]
      },
      "Id": "0726f0d1-2602-4ef0-8eea-eda1aebeaf87",
      "Relationships": [
        {
          "Type": "CHILD",
          "Ids": [
            "b22253f8-68e1-4f62-82dc-4fc4fc057068"
          ]
        }
      ],
      "Page": 1
    },
    {
      "BlockType": "LINE",
      "Confidence": 99.45069885253906,
      "Text": "VALOR",
      "Geometry": {
        "BoundingBox": {
          "Width": 0.058391690254211426,
          "Height": 0.05587757006287575,
          "Left": 0.5731356739997864,
          "Top": 0.2646831274032593
        },
        "Polygon": [
          {
            "X": 0.5731356739997864,
            "Y": 0.2646831274032593
          },
          {
            "X": 0.6314622163772583,
            "Y": 0.2651360034942627
          },
          {
            "X": 0.6315273642539978,
            "Y": 0.3205606937408447
          },
          {
            "X": 0.5731972455978394,
            "Y": 0.3201066851615906
          }
        ]
      },
      "Id": "c16624d1-96ed-4f11-8f2c-a37d631211fd",
      "Relationships": [
        {
          "Type": "CHILD",
          "Ids": [
            "808c5e63-5357-4e14-8578-f6a676a988bb"
          ]
        }
      ],
      "Page": 1
    },
    {
      "BlockType": "LINE",
      "Confidence": 98.54059600830078,
      "Text": "ACUMULADO VALOR",
      "Geometry": {
        "BoundingBox": {
          "Width": 0.16997522115707397,
          "Height": 0.059608545154333115,
          "Left": 0.7771008610725403,
          "Top": 0.2603146731853485
        },
        "Polygon": [
          {
            "X": 0.7771008610725403,
            "Y": 0.2603146731853485
          },
          {
            "X": 0.9469870328903198,
            "Y": 0.2616334557533264
          },
          {
            "X": 0.9470760226249695,
            "Y": 0.3199232220649719
          },
          {
            "X": 0.7771788239479065,
            "Y": 0.31860098242759705
          }
        ]
      },
      "Id": "4c545de2-a1f1-4fbd-9411-dd04c86060ef",
      "Relationships": [
        {
          "Type": "CHILD",
          "Ids": [
            "273eb372-45ce-45cc-a647-e923edfcb925",
            "19fb229c-1a72-4c29-b2b8-96563ade31e0"
          ]
        }
      ],
      "Page": 1
    },
    {
      "BlockType": "LINE",
      "Confidence": 59.9583625793457,
      "Text": "2 7 8 borbon 11-29",
      "Geometry": {
        "BoundingBox": {
          "Width": 0.3911539316177368,
          "Height": 0.18973156809806824,
          "Left": 0.03022313490509987,
          "Top": 0.3118268847465515
        },
        "Polygon": [
          {
            "X": 0.03022313490509987,
            "Y": 0.3118268847465515
          },
          {
            "X": 0.4212014377117157,
            "Y": 0.31486958265304565
          },
          {
            "X": 0.4213770925998688,
            "Y": 0.5015584230422974
          },
          {
            "X": 0.030317410826683044,
            "Y": 0.4984901547431946
          }
        ]
      },
      "Id": "223d33c8-0044-4362-a2fd-5b79af593fbc",
      "Relationships": [
        {
          "Type": "CHILD",
          "Ids": [
            "834fccf4-743d-4eb2-88c4-02f8c48b9e4e",
            "32a6eec3-bf60-4d65-8ea5-834757d88691",
            "f3767d0c-4c0e-46e7-96be-fd13fed1008e"
          ]
        }
      ],
      "Page": 1
    },
    {
      "BlockType": "LINE",
      "Confidence": 99.42387390136719,
      "Text": "300.000",
      "Geometry": {
        "BoundingBox": {
          "Width": 0.11763956397771835,
          "Height": 0.07381879538297653,
          "Left": 0.6243375539779663,
          "Top": 0.355358749628067
        },
        "Polygon": [
          {
            "X": 0.6243375539779663,
            "Y": 0.355358749628067
          },
          {
            "X": 0.7418825030326843,
            "Y": 0.3562750816345215
          },
          {
            "X": 0.7419770956039429,
            "Y": 0.42917752265930176
          },
          {
            "X": 0.6244226098060608,
            "Y": 0.4282582104206085
          }
        ]
      },
      "Id": "0a21f639-4e29-446a-853a-0947996db996",
      "Relationships": [
        {
          "Type": "CHILD",
          "Ids": [
            "6760411f-1de3-4372-a1e1-3b311f03ac06"
          ]
        }
      ],
      "Page": 1
    },
    {
      "BlockType": "LINE",
      "Confidence": 92.96858978271484,
      "Text": "300.000",
      "Geometry": {
        "BoundingBox": {
          "Width": 0.15251527726650238,
          "Height": 0.07599484920501709,
          "Left": 0.7844722867012024,
          "Top": 0.3409753143787384
        },
        "Polygon": [
          {
            "X": 0.7844722867012024,
            "Y": 0.3409753143787384
          },
          {
            "X": 0.9368741512298584,
            "Y": 0.3421625792980194
          },
          {
            "X": 0.9369875192642212,
            "Y": 0.4169701933860779
          },
          {
            "X": 0.7845728993415833,
            "Y": 0.4157789349555969
          }
        ]
      },
      "Id": "ed4fbdea-3b9c-448c-9fb3-392159fdd44e",
      "Relationships": [
        {
          "Type": "CHILD",
          "Ids": [
            "3ede5b47-d1c1-4136-a768-b4385504f2f0"
          ]
        }
      ],
      "Page": 1
    },
    {
      "BlockType": "WORD",
      "Confidence": 99.72273254394531,
      "Text": "VALOR",
      "TextType": "PRINTED",
      "Geometry": {
        "BoundingBox": {
          "Width": 0.09507063776254654,
          "Height": 0.08742737025022507,
          "Left": 0.24829061329364777,
          "Top": 0.019365010783076286
        },
        "Polygon": [
          {
            "X": 0.24829061329364777,
            "Y": 0.019365010783076286
          },
          {
            "X": 0.3432871997356415,
            "Y": 0.020094754174351692
          },
          {
            "X": 0.3433612585067749,
            "Y": 0.1067923828959465
          },
          {
            "X": 0.24835549294948578,
            "Y": 0.10605975240468979
          }
        ]
      },
      "Id": "020c0376-fa49-4f77-836c-df9755f1d629",
      "Page": 1
    },
    {
      "BlockType": "WORD",
      "Confidence": 99.44071197509766,
      "Text": "DESCHUPONAS",
      "TextType": "PRINTED",
      "Geometry": {
        "BoundingBox": {
          "Width": 0.2083706259727478,
          "Height": 0.08617100119590759,
          "Left": 0.35159972310066223,
          "Top": 0.022144272923469543
        },
        "Polygon": [
          {
            "X": 0.35159972310066223,
            "Y": 0.022144272923469543
          },
          {
            "X": 0.5598776340484619,
            "Y": 0.023744361475110054
          },
          {
            "X": 0.5599703192710876,
            "Y": 0.10831527411937714
          },
          {
            "X": 0.3516727387905121,
            "Y": 0.10670901834964752
          }
        ]
      },
      "Id": "afe08dfd-d446-4819-944f-a73c2a5dca76",
      "Page": 1
    },
    {
      "BlockType": "WORD",
      "Confidence": 99.8929672241211,
      "Text": "Y",
      "TextType": "PRINTED",
      "Geometry": {
        "BoundingBox": {
          "Width": 0.019282186403870583,
          "Height": 0.08585584908723831,
          "Left": 0.5705118775367737,
          "Top": 0.02218507044017315
        },
        "Polygon": [
          {
            "X": 0.5705118775367737,
            "Y": 0.02218507044017315
          },
          {
            "X": 0.5896973013877869,
            "Y": 0.02233245223760605
          },
          {
            "X": 0.5897940397262573,
            "Y": 0.10804092139005661
          },
          {
            "X": 0.5706067681312561,
            "Y": 0.1078929677605629
          }
        ]
      },
      "Id": "938b2320-a77b-4da9-9579-8935c1b1f70c",
      "Page": 1
    },
    {
      "BlockType": "WORD",
      "Confidence": 98.97026062011719,
      "Text": "RESIEMBRAS",
      "TextType": "PRINTED",
      "Geometry": {
        "BoundingBox": {
          "Width": 0.16907787322998047,
          "Height": 0.08704289048910141,
          "Left": 0.5971262454986572,
          "Top": 0.023655744269490242
        },
        "Polygon": [
          {
            "X": 0.5971262454986572,
            "Y": 0.023655744269490242
          },
          {
            "X": 0.766090452671051,
            "Y": 0.02495378442108631
          },
          {
            "X": 0.7662041187286377,
            "Y": 0.1106986328959465
          },
          {
            "X": 0.5972237586975098,
            "Y": 0.10939551889896393
          }
        ]
      },
      "Id": "2ac88e31-9526-4cd2-b7f9-93d31d33b6cc",
      "Page": 1
    },
    {
      "BlockType": "WORD",
      "Confidence": 99.92153930664062,
      "Text": "2024",
      "TextType": "PRINTED",
      "Geometry": {
        "BoundingBox": {
          "Width": 0.06659459322690964,
          "Height": 0.08310550451278687,
          "Left": 0.7731437683105469,
          "Top": 0.02370261214673519
        },
        "Polygon": [
          {
            "X": 0.7731437683105469,
            "Y": 0.02370261214673519
          },
          {
            "X": 0.8396221399307251,
            "Y": 0.024213291704654694
          },
          {
            "X": 0.8397383689880371,
            "Y": 0.1068081185221672
          },
          {
            "X": 0.7732539176940918,
            "Y": 0.10629551857709885
          }
        ]
      },
      "Id": "5ecb1c37-e586-488d-85e7-19372850c623",
      "Page": 1
    },
    {
      "BlockType": "WORD",
      "Confidence": 99.9013671875,
      "Text": "LOTES",
      "TextType": "PRINTED",
      "Geometry": {
        "BoundingBox": {
          "Width": 0.052740368992090225,
          "Height": 0.0527096651494503,
          "Left": 0.09699223190546036,
          "Top": 0.2663278877735138
        },
        "Polygon": [
          {
            "X": 0.09699223190546036,
            "Y": 0.2663278877735138
          },
          {
            "X": 0.14969922602176666,
            "Y": 0.2667372524738312
          },
          {
            "X": 0.14973260462284088,
            "Y": 0.3190375566482544
          },
          {
            "X": 0.09702254086732864,
            "Y": 0.3186272382736206
          }
        ]
      },
      "Id": "e6f198f3-6c13-4602-baec-6ecf690d74e6",
      "Page": 1
    },
    {
      "BlockType": "WORD",
      "Confidence": 99.69754028320312,
      "Text": "FECHA",
      "TextType": "PRINTED",
      "Geometry": {
        "BoundingBox": {
          "Width": 0.05610215291380882,
          "Height": 0.06143849343061447,
          "Left": 0.3272898495197296,
          "Top": 0.26140642166137695
        },
        "Polygon": [
          {
            "X": 0.3272898495197296,
            "Y": 0.26140642166137695
          },
          {
            "X": 0.38333719968795776,
            "Y": 0.2618415951728821
          },
          {
            "X": 0.38339200615882874,
            "Y": 0.322844922542572
          },
          {
            "X": 0.32734087109565735,
            "Y": 0.3224085569381714
          }
        ]
      },
      "Id": "b22253f8-68e1-4f62-82dc-4fc4fc057068",
      "Page": 1
    },
    {
      "BlockType": "WORD",
      "Confidence": 99.45069885253906,
      "Text": "VALOR",
      "TextType": "PRINTED",
      "Geometry": {
        "BoundingBox": {
          "Width": 0.058391690254211426,
          "Height": 0.05587757006287575,
          "Left": 0.5731356739997864,
          "Top": 0.2646831274032593
        },
        "Polygon": [
          {
            "X": 0.5731356739997864,
            "Y": 0.2646831274032593
          },
          {
            "X": 0.6314622163772583,
            "Y": 0.2651360034942627
          },
          {
            "X": 0.6315273642539978,
            "Y": 0.3205606937408447
          },
          {
            "X": 0.5731972455978394,
            "Y": 0.3201066851615906
          }
        ]
      },
      "Id": "808c5e63-5357-4e14-8578-f6a676a988bb",
      "Page": 1
    },
    {
      "BlockType": "WORD",
      "Confidence": 97.58891296386719,
      "Text": "ACUMULADO",
      "TextType": "PRINTED",
      "Geometry": {
        "BoundingBox": {
          "Width": 0.11135216802358627,
          "Height": 0.05915230140089989,
          "Left": 0.7771008610725403,
          "Top": 0.2603146731853485
        },
        "Polygon": [
          {
            "X": 0.7771008610725403,
            "Y": 0.2603146731853485
          },
          {
            "X": 0.8883678317070007,
            "Y": 0.2611784040927887
          },
          {
            "X": 0.8884530067443848,
            "Y": 0.3194669783115387
          },
          {
            "X": 0.7771788239479065,
            "Y": 0.31860098242759705
          }
        ]
      },
      "Id": "273eb372-45ce-45cc-a647-e923edfcb925",
      "Page": 1
    },
    {
      "BlockType": "WORD",
      "Confidence": 99.49227905273438,
      "Text": "VALOR",
      "TextType": "PRINTED",
      "Geometry": {
        "BoundingBox": {
          "Width": 0.05622006952762604,
          "Height": 0.05497891083359718,
          "Left": 0.8908548355102539,
          "Top": 0.2641936242580414
        },
        "Polygon": [
          {
            "X": 0.8908548355102539,
            "Y": 0.2641936242580414
          },
          {
            "X": 0.9469916224479675,
            "Y": 0.26462945342063904
          },
          {
            "X": 0.9470748901367188,
            "Y": 0.31917253136634827
          },
          {
            "X": 0.8909347057342529,
            "Y": 0.31873562932014465
          }
        ]
      },
      "Id": "19fb229c-1a72-4c29-b2b8-96563ade31e0",
      "Page": 1
    },
    {
      "BlockType": "WORD",
      "Confidence": 22.337305068969727,
      "Text": "2 7 8",
      "TextType": "HANDWRITING",
      "Geometry": {
        "BoundingBox": {
          "Width": 0.13212984800338745,
          "Height": 0.1654379516839981,
          "Left": 0.030234377831220627,
          "Top": 0.3340882658958435
        },
        "Polygon": [
          {
            "X": 0.030234377831220627,
            "Y": 0.3340882658958435
          },
          {
            "X": 0.16225700080394745,
            "Y": 0.3351166844367981
          },
          {
            "X": 0.16236422955989838,
            "Y": 0.4995262026786804
          },
          {
            "X": 0.030317410826683044,
            "Y": 0.4984901547431946
          }
        ]
      },
      "Id": "834fccf4-743d-4eb2-88c4-02f8c48b9e4e",
      "Page": 1
    },
    {
      "BlockType": "WORD",
      "Confidence": 60.72366714477539,
      "Text": "borbon",
      "TextType": "HANDWRITING",
      "Geometry": {
        "BoundingBox": {
          "Width": 0.09992429614067078,
          "Height": 0.11694610118865967,
          "Left": 0.19729678332805634,
          "Top": 0.3131271004676819
        },
        "Polygon": [
          {
            "X": 0.19729678332805634,
            "Y": 0.3131271004676819
          },
          {
            "X": 0.2971278429031372,
            "Y": 0.3139040172100067
          },
          {
            "X": 0.2972210645675659,
            "Y": 0.43007320165634155
          },
          {
            "X": 0.19737708568572998,
            "Y": 0.4292922019958496
          }
        ]
      },
      "Id": "32a6eec3-bf60-4d65-8ea5-834757d88691",
      "Page": 1
    },
    {
      "BlockType": "WORD",
      "Confidence": 96.8141098022461,
      "Text": "11-29",
      "TextType": "HANDWRITING",
      "Geometry": {
        "BoundingBox": {
          "Width": 0.09239615499973297,
          "Height": 0.11545247584581375,
          "Left": 0.3289489448070526,
          "Top": 0.3521019220352173
        },
        "Polygon": [
          {
            "X": 0.3289489448070526,
            "Y": 0.3521019220352173
          },
          {
            "X": 0.42123714089393616,
            "Y": 0.35282135009765625
          },
          {
            "X": 0.4213450849056244,
            "Y": 0.4675544202327728
          },
          {
            "X": 0.3290450870990753,
            "Y": 0.4668312966823578
          }
        ]
      },
      "Id": "f3767d0c-4c0e-46e7-96be-fd13fed1008e",
      "Page": 1
    },
    {
      "BlockType": "WORD",
      "Confidence": 99.42387390136719,
      "Text": "300.000",
      "TextType": "HANDWRITING",
      "Geometry": {
        "BoundingBox": {
          "Width": 0.11763956397771835,
          "Height": 0.07381879538297653,
          "Left": 0.6243375539779663,
          "Top": 0.355358749628067
        },
        "Polygon": [
          {
            "X": 0.6243375539779663,
            "Y": 0.355358749628067
          },
          {
            "X": 0.7418825030326843,
            "Y": 0.3562750816345215
          },
          {
            "X": 0.7419770956039429,
            "Y": 0.42917752265930176
          },
          {
            "X": 0.6244226098060608,
            "Y": 0.4282582104206085
          }
        ]
      },
      "Id": "6760411f-1de3-4372-a1e1-3b311f03ac06",
      "Page": 1
    },
    {
      "BlockType": "WORD",
      "Confidence": 92.96858978271484,
      "Text": "300.000",
      "TextType": "HANDWRITING",
      "Geometry": {
        "BoundingBox": {
          "Width": 0.15251527726650238,
          "Height": 0.07599484920501709,
          "Left": 0.7844722867012024,
          "Top": 0.3409753143787384
        },
        "Polygon": [
          {
            "X": 0.7844722867012024,
            "Y": 0.3409753143787384
          },
          {
            "X": 0.9368741512298584,
            "Y": 0.3421625792980194
          },
          {
            "X": 0.9369875192642212,
            "Y": 0.4169701933860779
          },
          {
            "X": 0.7845728993415833,
            "Y": 0.4157789349555969
          }
        ]
      },
      "Id": "3ede5b47-d1c1-4136-a768-b4385504f2f0",
      "Page": 1
    },
    {
      "BlockType": "TABLE",
      "Confidence": 99.853515625,
      "Geometry": {
        "BoundingBox": {
          "Width": 0.9906443953514099,
          "Height": 0.774160623550415,
          "Left": 0.006016565021127462,
          "Top": 0.22583936154842377
        },
        "Polygon": [
          {
            "X": 0.006016565021127462,
            "Y": 0.22583936154842377
          },
          {
            "X": 0.9954454898834229,
            "Y": 0.23351040482521057
          },
          {
            "X": 0.9966609477996826,
            "Y": 1
          },
          {
            "X": 0.006384034175425768,
            "Y": 0.9943922758102417
          }
        ]
      },
      "Id": "dd838199-3992-4d6e-8e3a-cfe244b883e0",
      "Relationships": [
        {
          "Type": "CHILD",
          "Ids": [
            "8a845b00-d386-4f83-b556-e8ec0bf85c37",
            "6c11caf7-7e97-4942-96d7-b3c97f4c8193",
            "98eef696-45a8-41ba-82a5-fa93603899c0",
            "7df4021e-8e3c-4f5f-8286-b9012cdabdd9",
            "a0d2e33e-74ed-4c36-b243-3ed9482fe498",
            "1dbe1094-1c31-47fb-b81c-2d4ab2e696d8",
            "84722330-dd12-4a07-9229-315267dfdc0b",
            "21dcd84a-fb4a-45df-9479-7fe4ed2d2db0",
            "b63bf0f6-915b-42f0-b884-fdc0d5c15e8c",
            "65f152bb-c38b-4389-abb0-f62b9f03d1fe",
            "84f38508-ef91-4026-b5f7-1ef23a9dfa36",
            "e260ee9c-4e38-411a-85e0-1d6af438d20a",
            "6942d661-bb89-4a5f-8112-0e634c5d95ac",
            "67e97ca6-0825-48fe-b3b1-648d90d45a22",
            "3f3b959b-0c8a-467e-8042-270bfc181702",
            "866571d2-98e1-4c70-b1f2-815f8ae1b8ad",
            "23b7885f-9777-49fd-ae4f-210ed1f897f8",
            "7e46264c-d857-412e-a861-0625e9bbfbff",
            "035754d4-9d18-41ab-8ac8-cff99dbf702e",
            "8c2b1b00-e3b9-4c6a-96af-67089cc5b95f",
            "28c927a0-1a3e-47da-b2ca-aa835ad20c42",
            "b06b0b54-e51f-4687-9096-32acf243069a",
            "15943744-a9bb-402f-88ec-ec0166aa8995",
            "afd5a360-661a-4f42-9841-a70dd7b95462",
            "5ee08da7-e25b-47ba-a904-8af48e0b3661",
            "267950c3-b00d-4def-a454-9fe81b8b7f8f",
            "26cdd109-1aef-4d9d-9103-4a40aedba385",
            "48f3be1b-2a4f-425c-85a9-f404fb4a7ef3"
          ]
        },
        {
          "Type": "TABLE_TITLE",
          "Ids": [
            "827a6a67-c3a5-432f-b8f5-e07619d8beae"
          ]
        }
      ],
      "EntityTypes": [
        "STRUCTURED_TABLE"
      ],
      "Page": 1
    },
    {
      "BlockType": "CELL",
      "Confidence": 94.921875,
      "RowIndex": 1,
      "ColumnIndex": 1,
      "RowSpan": 1,
      "ColumnSpan": 1,
      "Geometry": {
        "BoundingBox": {
          "Width": 0.23322518169879913,
          "Height": 0.10968178510665894,
          "Left": 0.006016565021127462,
          "Top": 0.22583936154842377
        },
        "Polygon": [
          {
            "X": 0.006016565021127462,
            "Y": 0.22583936154842377
          },
          {
            "X": 0.2391621470451355,
            "Y": 0.22764694690704346
          },
          {
            "X": 0.23924174904823303,
            "Y": 0.3355211615562439
          },
          {
            "X": 0.006068138871341944,
            "Y": 0.33370476961135864
          }
        ]
      },
      "Id": "8a845b00-d386-4f83-b556-e8ec0bf85c37",
      "Relationships": [
        {
          "Type": "CHILD",
          "Ids": [
            "e6f198f3-6c13-4602-baec-6ecf690d74e6"
          ]
        }
      ],
      "EntityTypes": [
        "COLUMN_HEADER"
      ],
      "Page": 1
    },
    {
      "BlockType": "CELL",
      "Confidence": 94.82421875,
      "RowIndex": 1,
      "ColumnIndex": 2,
      "RowSpan": 1,
      "ColumnSpan": 1,
      "Geometry": {
        "BoundingBox": {
          "Width": 0.22966274619102478,
          "Height": 0.10966262221336365,
          "Left": 0.2391621470451355,
          "Top": 0.22764694690704346
        },
        "Polygon": [
          {
            "X": 0.2391621470451355,
            "Y": 0.22764694690704346
          },
          {
            "X": 0.46871766448020935,
            "Y": 0.22942668199539185
          },
          {
            "X": 0.4688248932361603,
            "Y": 0.3373095691204071
          },
          {
            "X": 0.23924174904823303,
            "Y": 0.3355211615562439
          }
        ]
      },
      "Id": "6c11caf7-7e97-4942-96d7-b3c97f4c8193",
      "Relationships": [
        {
          "Type": "CHILD",
          "Ids": [
            "b22253f8-68e1-4f62-82dc-4fc4fc057068"
          ]
        }
      ],
      "EntityTypes": [
        "COLUMN_HEADER"
      ],
      "Page": 1
    },
    {
      "BlockType": "CELL",
      "Confidence": 96.09375,
      "RowIndex": 1,
      "ColumnIndex": 3,
      "RowSpan": 1,
      "ColumnSpan": 1,
      "Geometry": {
        "BoundingBox": {
          "Width": 0.27211642265319824,
          "Height": 0.11000179499387741,
          "Left": 0.46871766448020935,
          "Top": 0.22942668199539185
        },
        "Polygon": [
          {
            "X": 0.46871766448020935,
            "Y": 0.22942668199539185
          },
          {
            "X": 0.7406941652297974,
            "Y": 0.23153531551361084
          },
          {
            "X": 0.7408340573310852,
            "Y": 0.33942848443984985
          },
          {
            "X": 0.4688248932361603,
            "Y": 0.3373095691204071
          }
        ]
      },
      "Id": "98eef696-45a8-41ba-82a5-fa93603899c0",
      "Relationships": [
        {
          "Type": "CHILD",
          "Ids": [
            "808c5e63-5357-4e14-8578-f6a676a988bb"
          ]
        }
      ],
      "EntityTypes": [
        "COLUMN_HEADER"
      ],
      "Page": 1
    },
    {
      "BlockType": "CELL",
      "Confidence": 94.53125,
      "RowIndex": 1,
      "ColumnIndex": 4,
      "RowSpan": 1,
      "ColumnSpan": 1,
      "Geometry": {
        "BoundingBox": {
          "Width": 0.25492194294929504,
          "Height": 0.10987787693738937,
          "Left": 0.7406941652297974,
          "Top": 0.23153531551361084
        },
        "Polygon": [
          {
            "X": 0.7406941652297974,
            "Y": 0.23153531551361084
          },
          {
            "X": 0.9954454898834229,
            "Y": 0.23351040482521057
          },
          {
            "X": 0.99561607837677,
            "Y": 0.3414131999015808
          },
          {
            "X": 0.7408340573310852,
            "Y": 0.33942848443984985
          }
        ]
      },
      "Id": "7df4021e-8e3c-4f5f-8286-b9012cdabdd9",
      "Relationships": [
        {
          "Type": "CHILD",
          "Ids": [
            "273eb372-45ce-45cc-a647-e923edfcb925",
            "19fb229c-1a72-4c29-b2b8-96563ade31e0"
          ]
        }
      ],
      "EntityTypes": [
        "COLUMN_HEADER"
      ],
      "Page": 1
    },
    {
      "BlockType": "CELL",
      "Confidence": 90.087890625,
      "RowIndex": 2,
      "ColumnIndex": 1,
      "RowSpan": 1,
      "ColumnSpan": 1,
      "Geometry": {
        "BoundingBox": {
          "Width": 0.23325012624263763,
          "Height": 0.10549511015415192,
          "Left": 0.006068138871341944,
          "Top": 0.33370476961135864
        },
        "Polygon": [
          {
            "X": 0.006068138871341944,
            "Y": 0.33370476961135864
          },
          {
            "X": 0.23924174904823303,
            "Y": 0.3355211615562439
          },
          {
            "X": 0.23931826651096344,
            "Y": 0.43919986486434937
          },
          {
            "X": 0.006117706652730703,
            "Y": 0.437375009059906
          }
        ]
      },
      "Id": "a0d2e33e-74ed-4c36-b243-3ed9482fe498",
      "Relationships": [
        {
          "Type": "CHILD",
          "Ids": [
            "834fccf4-743d-4eb2-88c4-02f8c48b9e4e"
          ]
        }
      ],
      "Page": 1
    },
    {
      "BlockType": "CELL",
      "Confidence": 89.990234375,
      "RowIndex": 2,
      "ColumnIndex": 2,
      "RowSpan": 1,
      "ColumnSpan": 1,
      "Geometry": {
        "BoundingBox": {
          "Width": 0.2296861857175827,
          "Height": 0.10547548532485962,
          "Left": 0.23924174904823303,
          "Top": 0.3355211615562439
        },
        "Polygon": [
          {
            "X": 0.23924174904823303,
            "Y": 0.3355211615562439
          },
          {
            "X": 0.4688248932361603,
            "Y": 0.3373095691204071
          },
          {
            "X": 0.46892794966697693,
            "Y": 0.4409966468811035
          },
          {
            "X": 0.23931826651096344,
            "Y": 0.43919986486434937
          }
        ]
      },
      "Id": "1dbe1094-1c31-47fb-b81c-2d4ab2e696d8",
      "Relationships": [
        {
          "Type": "CHILD",
          "Ids": [
            "32a6eec3-bf60-4d65-8ea5-834757d88691",
            "f3767d0c-4c0e-46e7-96be-fd13fed1008e"
          ]
        }
      ],
      "Page": 1
    },
    {
      "BlockType": "CELL",
      "Confidence": 91.162109375,
      "RowIndex": 2,
      "ColumnIndex": 3,
      "RowSpan": 1,
      "ColumnSpan": 1,
      "Geometry": {
        "BoundingBox": {
          "Width": 0.272143691778183,
          "Height": 0.10581585764884949,
          "Left": 0.4688248932361603,
          "Top": 0.3373095691204071
        },
        "Polygon": [
          {
            "X": 0.4688248932361603,
            "Y": 0.3373095691204071
          },
          {
            "X": 0.7408340573310852,
            "Y": 0.33942848443984985
          },
          {
            "X": 0.7409685850143433,
            "Y": 0.4431254267692566
          },
          {
            "X": 0.46892794966697693,
            "Y": 0.4409966468811035
          }
        ]
      },
      "Id": "84722330-dd12-4a07-9229-315267dfdc0b",
      "Relationships": [
        {
          "Type": "CHILD",
          "Ids": [
            "6760411f-1de3-4372-a1e1-3b311f03ac06"
          ]
        }
      ],
      "Page": 1
    },
    {
      "BlockType": "CELL",
      "Confidence": 89.697265625,
      "RowIndex": 2,
      "ColumnIndex": 4,
      "RowSpan": 1,
      "ColumnSpan": 1,
      "Geometry": {
        "BoundingBox": {
          "Width": 0.2549459636211395,
          "Height": 0.10569091886281967,
          "Left": 0.7408340573310852,
          "Top": 0.33942848443984985
        },
        "Polygon": [
          {
            "X": 0.7408340573310852,
            "Y": 0.33942848443984985
          },
          {
            "X": 0.99561607837677,
            "Y": 0.3414131999015808
          },
          {
            "X": 0.9957800507545471,
            "Y": 0.4451194107532501
          },
          {
            "X": 0.7409685850143433,
            "Y": 0.4431254267692566
          }
        ]
      },
      "Id": "21dcd84a-fb4a-45df-9479-7fe4ed2d2db0",
      "Relationships": [
        {
          "Type": "CHILD",
          "Ids": [
            "3ede5b47-d1c1-4136-a768-b4385504f2f0"
          ]
        }
      ],
      "Page": 1
    },
    {
      "BlockType": "CELL",
      "Confidence": 90.380859375,
      "RowIndex": 3,
      "ColumnIndex": 1,
      "RowSpan": 1,
      "ColumnSpan": 1,
      "Geometry": {
        "BoundingBox": {
          "Width": 0.23327799141407013,
          "Height": 0.10674772411584854,
          "Left": 0.006117706652730703,
          "Top": 0.437375009059906
        },
        "Polygon": [
          {
            "X": 0.006117706652730703,
            "Y": 0.437375009059906
          },
          {
            "X": 0.23931826651096344,
            "Y": 0.43919986486434937
          },
          {
            "X": 0.23939569294452667,
            "Y": 0.5441227555274963
          },
          {
            "X": 0.006167869549244642,
            "Y": 0.5422893166542053
          }
        ]
      },
      "Id": "b63bf0f6-915b-42f0-b884-fdc0d5c15e8c",
      "Page": 1
    },
    {
      "BlockType": "CELL",
      "Confidence": 90.33203125,
      "RowIndex": 3,
      "ColumnIndex": 2,
      "RowSpan": 1,
      "ColumnSpan": 1,
      "Geometry": {
        "BoundingBox": {
          "Width": 0.22971396148204803,
          "Height": 0.10672806203365326,
          "Left": 0.23931826651096344,
          "Top": 0.43919986486434937
        },
        "Polygon": [
          {
            "X": 0.23931826651096344,
            "Y": 0.43919986486434937
          },
          {
            "X": 0.46892794966697693,
            "Y": 0.4409966468811035
          },
          {
            "X": 0.4690322279930115,
            "Y": 0.5459279417991638
          },
          {
            "X": 0.23939569294452667,
            "Y": 0.5441227555274963
          }
        ]
      },
      "Id": "65f152bb-c38b-4389-abb0-f62b9f03d1fe",
      "Page": 1
    },
    {
      "BlockType": "CELL",
      "Confidence": 91.50390625,
      "RowIndex": 3,
      "ColumnIndex": 3,
      "RowSpan": 1,
      "ColumnSpan": 1,
      "Geometry": {
        "BoundingBox": {
          "Width": 0.27217674255371094,
          "Height": 0.10707010328769684,
          "Left": 0.46892794966697693,
          "Top": 0.4409966468811035
        },
        "Polygon": [
          {
            "X": 0.46892794966697693,
            "Y": 0.4409966468811035
          },
          {
            "X": 0.7409685850143433,
            "Y": 0.4431254267692566
          },
          {
            "X": 0.7411046624183655,
            "Y": 0.5480667352676392
          },
          {
            "X": 0.4690322279930115,
            "Y": 0.5459279417991638
          }
        ]
      },
      "Id": "84f38508-ef91-4026-b5f7-1ef23a9dfa36",
      "Page": 1
    },
    {
      "BlockType": "CELL",
      "Confidence": 90.0390625,
      "RowIndex": 3,
      "ColumnIndex": 4,
      "RowSpan": 1,
      "ColumnSpan": 1,
      "Geometry": {
        "BoundingBox": {
          "Width": 0.25497737526893616,
          "Height": 0.10694465041160583,
          "Left": 0.7409685850143433,
          "Top": 0.4431254267692566
        },
        "Polygon": [
          {
            "X": 0.7409685850143433,
            "Y": 0.4431254267692566
          },
          {
            "X": 0.9957800507545471,
            "Y": 0.4451194107532501
          },
          {
            "X": 0.995945930480957,
            "Y": 0.5500701069831848
          },
          {
            "X": 0.7411046624183655,
            "Y": 0.5480667352676392
          }
        ]
      },
      "Id": "e260ee9c-4e38-411a-85e0-1d6af438d20a",
      "Page": 1
    },
    {
      "BlockType": "CELL",
      "Confidence": 89.697265625,
      "RowIndex": 4,
      "ColumnIndex": 1,
      "RowSpan": 1,
      "ColumnSpan": 1,
      "Geometry": {
        "BoundingBox": {
          "Width": 0.23330438137054443,
          "Height": 0.10556037724018097,
          "Left": 0.006167869549244642,
          "Top": 0.5422893166542053
        },
        "Polygon": [
          {
            "X": 0.006167869549244642,
            "Y": 0.5422893166542053
          },
          {
            "X": 0.23939569294452667,
            "Y": 0.5441227555274963
          },
          {
            "X": 0.23947225511074066,
            "Y": 0.6478496789932251
          },
          {
            "X": 0.006217460613697767,
            "Y": 0.646007776260376
          }
        ]
      },
      "Id": "6942d661-bb89-4a5f-8112-0e634c5d95ac",
      "Page": 1
    },
    {
      "BlockType": "CELL",
      "Confidence": 89.599609375,
      "RowIndex": 4,
      "ColumnIndex": 2,
      "RowSpan": 1,
      "ColumnSpan": 1,
      "Geometry": {
        "BoundingBox": {
          "Width": 0.22973962128162384,
          "Height": 0.10554049164056778,
          "Left": 0.23939569294452667,
          "Top": 0.5441227555274963
        },
        "Polygon": [
          {
            "X": 0.23939569294452667,
            "Y": 0.5441227555274963
          },
          {
            "X": 0.4690322279930115,
            "Y": 0.5459279417991638
          },
          {
            "X": 0.4691353142261505,
            "Y": 0.6496632099151611
          },
          {
            "X": 0.23947225511074066,
            "Y": 0.6478496789932251
          }
        ]
      },
      "Id": "67e97ca6-0825-48fe-b3b1-648d90d45a22",
      "Page": 1
    },
    {
      "BlockType": "CELL",
      "Confidence": 90.771484375,
      "RowIndex": 4,
      "ColumnIndex": 3,
      "RowSpan": 1,
      "ColumnSpan": 1,
      "Geometry": {
        "BoundingBox": {
          "Width": 0.27220702171325684,
          "Height": 0.10588397830724716,
          "Left": 0.4690322279930115,
          "Top": 0.5459279417991638
        },
        "Polygon": [
          {
            "X": 0.4690322279930115,
            "Y": 0.5459279417991638
          },
          {
            "X": 0.7411046624183655,
            "Y": 0.5480667352676392
          },
          {
            "X": 0.7412392497062683,
            "Y": 0.6518118977546692
          },
          {
            "X": 0.4691353142261505,
            "Y": 0.6496632099151611
          }
        ]
      },
      "Id": "3f3b959b-0c8a-467e-8042-270bfc181702",
      "Page": 1
    },
    {
      "BlockType": "CELL",
      "Confidence": 89.35546875,
      "RowIndex": 4,
      "ColumnIndex": 4,
      "RowSpan": 1,
      "ColumnSpan": 1,
      "Geometry": {
        "BoundingBox": {
          "Width": 0.2550053000450134,
          "Height": 0.10575778782367706,
          "Left": 0.7411046624183655,
          "Top": 0.5480667352676392
        },
        "Polygon": [
          {
            "X": 0.7411046624183655,
            "Y": 0.5480667352676392
          },
          {
            "X": 0.995945930480957,
            "Y": 0.5500701069831848
          },
          {
            "X": 0.9961099624633789,
            "Y": 0.653824508190155
          },
          {
            "X": 0.7412392497062683,
            "Y": 0.6518118977546692
          }
        ]
      },
      "Id": "866571d2-98e1-4c70-b1f2-815f8ae1b8ad",
      "Page": 1
    },
    {
      "BlockType": "CELL",
      "Confidence": 90.13671875,
      "RowIndex": 5,
      "ColumnIndex": 1,
      "RowSpan": 1,
      "ColumnSpan": 1,
      "Geometry": {
        "BoundingBox": {
          "Width": 0.2333349585533142,
          "Height": 0.1104758232831955,
          "Left": 0.006217460613697767,
          "Top": 0.646007776260376
        },
        "Polygon": [
          {
            "X": 0.006217460613697767,
            "Y": 0.646007776260376
          },
          {
            "X": 0.23947225511074066,
            "Y": 0.6478496789932251
          },
          {
            "X": 0.23955242335796356,
            "Y": 0.7564836144447327
          },
          {
            "X": 0.006269397679716349,
            "Y": 0.7546327710151672
          }
        ]
      },
      "Id": "23b7885f-9777-49fd-ae4f-210ed1f897f8",
      "Page": 1
    },
    {
      "BlockType": "CELL",
      "Confidence": 90.0390625,
      "RowIndex": 5,
      "ColumnIndex": 2,
      "RowSpan": 1,
      "ColumnSpan": 1,
      "Geometry": {
        "BoundingBox": {
          "Width": 0.22977104783058167,
          "Height": 0.1104562059044838,
          "Left": 0.23947225511074066,
          "Top": 0.6478496789932251
        },
        "Polygon": [
          {
            "X": 0.23947225511074066,
            "Y": 0.6478496789932251
          },
          {
            "X": 0.4691353142261505,
            "Y": 0.6496632099151611
          },
          {
            "X": 0.46924328804016113,
            "Y": 0.7583059072494507
          },
          {
            "X": 0.23955242335796356,
            "Y": 0.7564836144447327
          }
        ]
      },
      "Id": "7e46264c-d857-412e-a861-0625e9bbfbff",
      "Page": 1
    },
    {
      "BlockType": "CELL",
      "Confidence": 91.2109375,
      "RowIndex": 5,
      "ColumnIndex": 3,
      "RowSpan": 1,
      "ColumnSpan": 1,
      "Geometry": {
        "BoundingBox": {
          "Width": 0.2722448408603668,
          "Height": 0.11080170422792435,
          "Left": 0.4691353142261505,
          "Top": 0.6496632099151611
        },
        "Polygon": [
          {
            "X": 0.4691353142261505,
            "Y": 0.6496632099151611
          },
          {
            "X": 0.7412392497062683,
            "Y": 0.6518118977546692
          },
          {
            "X": 0.7413801550865173,
            "Y": 0.7604649662971497
          },
          {
            "X": 0.46924328804016113,
            "Y": 0.7583059072494507
          }
        ]
      },
      "Id": "035754d4-9d18-41ab-8ac8-cff99dbf702e",
      "Page": 1
    },
    {
      "BlockType": "CELL",
      "Confidence": 89.74609375,
      "RowIndex": 5,
      "ColumnIndex": 4,
      "RowSpan": 1,
      "ColumnSpan": 1,
      "Geometry": {
        "BoundingBox": {
          "Width": 0.25504252314567566,
          "Height": 0.11067532747983932,
          "Left": 0.7412392497062683,
          "Top": 0.6518118977546692
        },
        "Polygon": [
          {
            "X": 0.7412392497062683,
            "Y": 0.6518118977546692
          },
          {
            "X": 0.9961099624633789,
            "Y": 0.653824508190155
          },
          {
            "X": 0.9962818026542664,
            "Y": 0.7624872326850891
          },
          {
            "X": 0.7413801550865173,
            "Y": 0.7604649662971497
          }
        ]
      },
      "Id": "8c2b1b00-e3b9-4c6a-96af-67089cc5b95f",
      "Page": 1
    },
    {
      "BlockType": "CELL",
      "Confidence": 88.671875,
      "RowIndex": 6,
      "ColumnIndex": 1,
      "RowSpan": 1,
      "ColumnSpan": 1,
      "Geometry": {
        "BoundingBox": {
          "Width": 0.23335960507392883,
          "Height": 0.10562683641910553,
          "Left": 0.006269397679716349,
          "Top": 0.7546327710151672
        },
        "Polygon": [
          {
            "X": 0.006269397679716349,
            "Y": 0.7546327710151672
          },
          {
            "X": 0.23955242335796356,
            "Y": 0.7564836144447327
          },
          {
            "X": 0.23962901532649994,
            "Y": 0.8602596521377563
          },
          {
            "X": 0.006319012027233839,
            "Y": 0.8584003448486328
          }
        ]
      },
      "Id": "28c927a0-1a3e-47da-b2ca-aa835ad20c42",
      "Page": 1
    },
    {
      "BlockType": "CELL",
      "Confidence": 88.57421875,
      "RowIndex": 6,
      "ColumnIndex": 2,
      "RowSpan": 1,
      "ColumnSpan": 1,
      "Geometry": {
        "BoundingBox": {
          "Width": 0.22979402542114258,
          "Height": 0.10560669004917145,
          "Left": 0.23955242335796356,
          "Top": 0.7564836144447327
        },
        "Polygon": [
          {
            "X": 0.23955242335796356,
            "Y": 0.7564836144447327
          },
          {
            "X": 0.46924328804016113,
            "Y": 0.7583059072494507
          },
          {
            "X": 0.46934646368026733,
            "Y": 0.8620902895927429
          },
          {
            "X": 0.23962901532649994,
            "Y": 0.8602596521377563
          }
        ]
      },
      "Id": "b06b0b54-e51f-4687-9096-32acf243069a",
      "Page": 1
    },
    {
      "BlockType": "CELL",
      "Confidence": 89.74609375,
      "RowIndex": 6,
      "ColumnIndex": 3,
      "RowSpan": 1,
      "ColumnSpan": 1,
      "Geometry": {
        "BoundingBox": {
          "Width": 0.2722714841365814,
          "Height": 0.10595335066318512,
          "Left": 0.46924328804016113,
          "Top": 0.7583059072494507
        },
        "Polygon": [
          {
            "X": 0.46924328804016113,
            "Y": 0.7583059072494507
          },
          {
            "X": 0.7413801550865173,
            "Y": 0.7604649662971497
          },
          {
            "X": 0.7415148019790649,
            "Y": 0.8642592430114746
          },
          {
            "X": 0.46934646368026733,
            "Y": 0.8620902895927429
          }
        ]
      },
      "Id": "15943744-a9bb-402f-88ec-ec0166aa8995",
      "Page": 1
    },
    {
      "BlockType": "CELL",
      "Confidence": 88.28125,
      "RowIndex": 6,
      "ColumnIndex": 4,
      "RowSpan": 1,
      "ColumnSpan": 1,
      "Geometry": {
        "BoundingBox": {
          "Width": 0.2550657093524933,
          "Height": 0.10582587867975235,
          "Left": 0.7413801550865173,
          "Top": 0.7604649662971497
        },
        "Polygon": [
          {
            "X": 0.7413801550865173,
            "Y": 0.7604649662971497
          },
          {
            "X": 0.9962818026542664,
            "Y": 0.7624872326850891
          },
          {
            "X": 0.996445894241333,
            "Y": 0.866290807723999
          },
          {
            "X": 0.7415148019790649,
            "Y": 0.8642592430114746
          }
        ]
      },
      "Id": "afd5a360-661a-4f42-9841-a70dd7b95462",
      "Page": 1
    },
    {
      "BlockType": "CELL",
      "Confidence": 93.408203125,
      "RowIndex": 7,
      "ColumnIndex": 1,
      "RowSpan": 1,
      "ColumnSpan": 1,
      "Geometry": {
        "BoundingBox": {
          "Width": 0.23341037333011627,
          "Height": 0.13786236941814423,
          "Left": 0.006319012027233839,
          "Top": 0.8584003448486328
        },
        "Polygon": [
          {
            "X": 0.006319012027233839,
            "Y": 0.8584003448486328
          },
          {
            "X": 0.23962901532649994,
            "Y": 0.8602596521377563
          },
          {
            "X": 0.2397293746471405,
            "Y": 0.9962627291679382
          },
          {
            "X": 0.006384034175425768,
            "Y": 0.9943922758102417
          }
        ]
      },
      "Id": "5ee08da7-e25b-47ba-a904-8af48e0b3661",
      "Page": 1
    },
    {
      "BlockType": "CELL",
      "Confidence": 93.310546875,
      "RowIndex": 7,
      "ColumnIndex": 2,
      "RowSpan": 1,
      "ColumnSpan": 1,
      "Geometry": {
        "BoundingBox": {
          "Width": 0.2298526167869568,
          "Height": 0.13784469664096832,
          "Left": 0.23962901532649994,
          "Top": 0.8602596521377563
        },
        "Polygon": [
          {
            "X": 0.23962901532649994,
            "Y": 0.8602596521377563
          },
          {
            "X": 0.46934646368026733,
            "Y": 0.8620902895927429
          },
          {
            "X": 0.46948161721229553,
            "Y": 0.9981043338775635
          },
          {
            "X": 0.2397293746471405,
            "Y": 0.9962627291679382
          }
        ]
      },
      "Id": "267950c3-b00d-4def-a454-9fe81b8b7f8f",
      "Page": 1
    },
    {
      "BlockType": "CELL",
      "Confidence": 94.580078125,
      "RowIndex": 7,
      "ColumnIndex": 3,
      "RowSpan": 1,
      "ColumnSpan": 1,
      "Geometry": {
        "BoundingBox": {
          "Width": 0.27234476804733276,
          "Height": 0.13790972530841827,
          "Left": 0.46934646368026733,
          "Top": 0.8620902895927429
        },
        "Polygon": [
          {
            "X": 0.46934646368026733,
            "Y": 0.8620902895927429
          },
          {
            "X": 0.7415148019790649,
            "Y": 0.8642592430114746
          },
          {
            "X": 0.7416912317276001,
            "Y": 1
          },
          {
            "X": 0.46948161721229553,
            "Y": 0.9981043338775635
          }
        ]
      },
      "Id": "26cdd109-1aef-4d9d-9103-4a40aedba385",
      "Page": 1
    },
    {
      "BlockType": "CELL",
      "Confidence": 93.06640625,
      "RowIndex": 7,
      "ColumnIndex": 4,
      "RowSpan": 1,
      "ColumnSpan": 1,
      "Geometry": {
        "BoundingBox": {
          "Width": 0.25514617562294006,
          "Height": 0.13574077188968658,
          "Left": 0.7415148019790649,
          "Top": 0.8642592430114746
        },
        "Polygon": [
          {
            "X": 0.7415148019790649,
            "Y": 0.8642592430114746
          },
          {
            "X": 0.996445894241333,
            "Y": 0.866290807723999
          },
          {
            "X": 0.9966609477996826,
            "Y": 1
          },
          {
            "X": 0.7416912317276001,
            "Y": 1
          }
        ]
      },
      "Id": "48f3be1b-2a4f-425c-85a9-f404fb4a7ef3",
      "Page": 1
    },
    {
      "BlockType": "TABLE_TITLE",
      "Confidence": 97.412109375,
      "Geometry": {
        "BoundingBox": {
          "Width": 0.587465226650238,
          "Height": 0.09152042120695114,
          "Left": 0.2500579357147217,
          "Top": 0.020034605637192726
        },
        "Polygon": [
          {
            "X": 0.2500579357147217,
            "Y": 0.020034605637192726
          },
          {
            "X": 0.8374009132385254,
            "Y": 0.024546584114432335
          },
          {
            "X": 0.8375231623649597,
            "Y": 0.11155502498149872
          },
          {
            "X": 0.25012320280075073,
            "Y": 0.107025146484375
          }
        ]
      },
      "Id": "827a6a67-c3a5-432f-b8f5-e07619d8beae",
      "Relationships": [
        {
          "Type": "CHILD",
          "Ids": [
            "020c0376-fa49-4f77-836c-df9755f1d629",
            "afe08dfd-d446-4819-944f-a73c2a5dca76",
            "938b2320-a77b-4da9-9579-8935c1b1f70c",
            "2ac88e31-9526-4cd2-b7f9-93d31d33b6cc",
            "5ecb1c37-e586-488d-85e7-19372850c623"
          ]
        }
      ],
      "Page": 1
    }
  ],
  "AnalyzeDocumentModelVersion": "1.0"
}